"Name","Calls","TotalDurationNs","AverageNs","Percentage"
"hip_autoregressive_sampler_kernel(float const*, int*, int, float const*, int, unsigned int) [clone .kd]",7696,7235013259,940100,68.4649229423514
"void mul_mat_vec_f<__half, __half, 1, 256, false, false>(__half const*, float const*, int const*, ggml_cuda_mm_fusion_args_device, float*, int, HIP_vector_type<unsigned int, 3u>, int, int, int, HIP_vector_type<unsigned int, 3u>, int, int, int, HIP_vector_type<unsigned int, 3u>, int, int, int, int) [clone .kd]",11340,1092358299,96327,10.336985446908502
"Cijk_Alik_Bljk_HSS_BH_MT64x32x8_SE_1LDSB0_APM1_ABV0_ACED0_AF0EM1_AF1EM1_AMAS2_ASE_ASGT_ASLT_ASM_ASAE01_ASCE01_ASEM1_AAC0_BL1_BS1_CLR0_DTLA0_DTLB0_DTVA0_DTVB0_DVO0_ETSP_EPS0_ELFLR0_EMLL0_FSSC10_FL0_GLVWA2_GLVWB1_GRCGA1_GRCGB1_GRPM1_GRVW2_GSU1_GSUASB_GLS0_ISA000_IU1_K1_KLS_LBSPPA0_LBSPPB0_LPA0_LPB0_LDL1_LRVW2_LWPMn1_LDW0_FMA_MIAV0_MDA2_MO40_MMFSC_MKFGSU256_NTA0_NTB0_NTC0_NTD0_NEPBS0_NLCA1_NLCB1_ONLL1_OPLV0_PK0_PAP0_PGR0_PLR1_PKA0_SIA1_SLW1_SS0_SU32_SUM0_SUS256_SCIUI1_SPO0_SRVW0_SSO0_SVW4_SNLL0_TSGRA0_TSGRB0_TT4_2_TLDS0_UMLDSA0_UMLDSB0_U64SL1_USFGROn1_VAW2_VSn1_VW2_VWB2_VFLRP0_WSGRA0_WSGRB0_WS64_WG16_16_1_WGM8.kd",1360,325447069,239299,3.079705275340273
"Cijk_Alik_Bljk_SB_MT128x64x12_SN_1LDSB0_APM1_ABV0_ACED0_AF0EM1_AF1EM1_AMAS0_ASE_ASGT_ASLT_ASM_ASAE01_ASCE01_ASEM1_AAC0_BL0_BS1_CLR0_DTLA0_DTLB0_DTVA0_DTVB0_DVO0_ETSP_EPS0_ELFLR0_EMLL0_FSSC10_FL0_GLVWA1_GLVWB1_GRCGA1_GRCGB1_GRPM1_GRVW1_GSU1_GSUASB_GLS0_ISA000_IU1_K1_KLS_LBSPPA0_LBSPPB0_LPA0_LPB0_LDL1_LRVW1_LWPMn1_LDW0_FMA_MIAV0_MDA2_MO40_MMFSC_MKFGSU256_NTA0_NTB0_NTC0_NTD0_NEPBS0_NLCA3_NLCB3_ONLL1_OPLV0_PK0_PAP0_PGR1_PLR1_PKA0_SIA1_SLW1_SS0_SU32_SUM0_SUS256_SCIUI1_SPO0_SRVW0_SSO0_SVW4_SNLL0_TSGRA0_TSGRB0_TT8_4_TLDS0_UMLDSA0_UMLDSB0_U64SL1_USFGRO0_VAW1_VS1_VW1_VWB1_VFLRP0_WSGRA0_WSGRB0_WS64_WG16_16_1_WGM8.kd",1096,271806855,247998,2.5721079860674627
"void mul_mat_f<__half2, 32, 16, 8, false>(__half2 const*, float const*, int const*, float*, int, int, int, int, int, int, int, int, int, int, int, int, int, int, int, int) [clone .kd]",5070,263778995,52027,2.4961403552399344
"void mul_mat_vec_f<float, float, 1, 256, true, false>(float const*, float const*, int const*, ggml_cuda_mm_fusion_args_device, float*, int, HIP_vector_type<unsigned int, 3u>, int, int, int, HIP_vector_type<unsigned int, 3u>, int, int, int, HIP_vector_type<unsigned int, 3u>, int, int, int, int) [clone .kd]",2100,235905952,112336,2.2323777783310415
"void cpy_scalar_contiguous<__half, float>(char const*, char*, long) [clone .kd]",3118,164287559,52690,1.5546529998863696
"void mul_mat_vec_f<__half, __half, 1, 256, true, false>(__half const*, float const*, int const*, ggml_cuda_mm_fusion_args_device, float*, int, HIP_vector_type<unsigned int, 3u>, int, int, int, HIP_vector_type<unsigned int, 3u>, int, int, int, HIP_vector_type<unsigned int, 3u>, int, int, int, int) [clone .kd]",2132,153800816,72139,1.4554169617881507
"void im2col_kernel<__half>(float const*, __half*, long, long, long, long, long, long, long, long, long, long, long, long, int, int, int, int, int, int) [clone .kd]",464,141853023,305717,1.3423550090600602
"void mul_mat_vec_f<__half, __half, 2, 256, false, false>(__half const*, float const*, int const*, ggml_cuda_mm_fusion_args_device, float*, int, HIP_vector_type<unsigned int, 3u>, int, int, int, HIP_vector_type<unsigned int, 3u>, int, int, int, HIP_vector_type<unsigned int, 3u>, int, int, int, int) [clone .kd]",960,121354020,126410,1.1483729649989534
"Cijk_Alik_Bljk_SB_GB_MT128x64x12_SN_1LDSB0_APM1_ABV0_ACED0_AF0EM1_AF1EM1_AMAS0_ASE_ASGT_ASLT_ASM_ASAE01_ASCE01_ASEM1_AAC0_BL0_BS1_CLR0_DTLA0_DTLB0_DTVA0_DTVB0_DVO0_ETSP_EPS0_ELFLR0_EMLL0_FSSC10_FL0_GLVWA1_GLVWB1_GRCGA1_GRCGB1_GRPM1_GRVW1_GSU1_GSUASB_GLS0_ISA000_IU1_K1_KLS_LBSPPA0_LBSPPB0_LPA0_LPB0_LDL1_LRVW1_LWPMn1_LDW0_FMA_MIAV0_MDA2_MO40_MMFSC_MKFGSU256_NTA0_NTB0_NTC0_NTD0_NEPBS0_NLCA3_NLCB3_ONLL1_OPLV0_PK0_PAP0_PGR1_PLR1_PKA0_SIA1_SLW1_SS0_SU32_SUM0_SUS256_SCIUI1_SPO0_SRVW0_SSO0_SVW4_SNLL0_TSGRA0_TSGRB0_TT8_4_TLDS0_UMLDSA0_UMLDSB0_U64SL1_USFGRO0_VAW1_VS1_VW1_VWB1_VFLRP0_WSGRA0_WSGRB0_WS64_WG16_16_1_WGM8.kd",28,85617039,3057751,0.8101939509779819
"void mul_mat_f<__half2, 32, 9, 8, false>(__half2 const*, float const*, int const*, float*, int, int, int, int, int, int, int, int, int, int, int, int, int, int, int, int) [clone .kd]",169,50833691,300791,0.4810391650438165
"void rope_neox<true, false, float, float>(float const*, float*, int, int, int, int, int, int, int, int, int, int, int const*, float, float, float, rope_corr_dims, float, float const*, long const*, int) [clone .kd]",6492,44522025,6857,0.4213118762526987
"void rms_norm_f32<256, true, false>(float const*, float*, int, long, long, long, float, float const*, long, long, long, HIP_vector_type<unsigned int, 3u>, HIP_vector_type<unsigned int, 3u>, HIP_vector_type<unsigned int, 3u>, HIP_vector_type<unsigned int, 3u>, float const*, long, long, long, HIP_vector_type<unsigned int, 3u>, HIP_vector_type<unsigned int, 3u>, HIP_vector_type<unsigned int, 3u>, HIP_vector_type<unsigned int, 3u>) [clone .kd]",6492,42539917,6552,0.40255519031095455
"__amd_rocclr_copyBuffer.kd",13735,35470933,2582,0.33566140207377737
"void cpy_scalar<&(void cpy_1_scalar<__half, __half>(char const*, char*))>(char const*, char*, long, long, long, long, long, long, long, long, long, long, long, long, long, long, long) [clone .kd]",2968,34264297,11544,0.32424300686120444
"void k_bin_bcast<&(op_add(float, float)), float, float, float, float const*>(float const*, float const*, float*, int, int, int, HIP_vector_type<unsigned int, 3u>, HIP_vector_type<unsigned int, 3u>, HIP_vector_type<unsigned int, 3u>, HIP_vector_type<unsigned int, 3u>, HIP_vector_type<unsigned int, 3u>, int, int, int, int, int, int, int, int, int, int, int, float const*) [clone .kd]",4018,32821468,8168,0.31058951753537517
"Cijk_Alik_Bljk_HSS_BH_MT128x32x16_SE_1LDSB0_APM1_ABV0_ACED0_AF0EM1_AF1EM1_AMAS0_ASE_ASGT_ASLT_ASM_ASAE01_ASCE01_ASEM1_AAC0_BL1_BS1_CLR0_DTLA0_DTLB0_DTVA0_DTVB0_DVO0_ETSP_EPS0_ELFLR0_EMLL0_FSSC10_FL0_GLVWA1_GLVWB1_GRCGA1_GRCGB1_GRPM1_GRVW1_GSU3_GSUAMB_GLS0_ISA000_IU1_K1_KLS_LBSPPA0_LBSPPB0_LPA0_LPB0_LDL1_LRVW1_LWPMn1_LDW0_FMA_MIAV0_MDA2_MO40_MMFSC_MKFGSU256_NTA0_NTB0_NTC0_NTD0_NEPBS0_NLCA1_NLCB1_ONLL1_OPLV0_PK0_PAP0_PGR0_PLR1_PKA0_SIA1_SLW1_SS0_SU32_SUM0_SUS256_SCIUI1_SPO0_SRVW0_SSO0_SVW4_SNLL0_TSGRA0_TSGRB0_TT8_2_TLDS0_UMLDSA0_UMLDSB0_U64SL1_USFGROn1_VAW1_VSn1_VW1_VWB1_VFLRP0_WSGRA0_WSGRB0_WS64_WG16_16_1_WGM8.kd",320,22362041,69881,0.2116119707167357
"hip_snake_activation_kernel_standard(int, int, int, float const*, float const*, float const*, float*) [clone .kd]",464,21129560,45537,0.19994900429605286
"void convert_unary<float, __half>(void const*, __half*, long, long, long, HIP_vector_type<unsigned int, 3u>, long, long, long) [clone .kd]",2774,20462835,7376,0.1936397863147373
"void mul_mat_vec_f<float, float, 2, 256, false, false>(float const*, float const*, int const*, ggml_cuda_mm_fusion_args_device, float*, int, HIP_vector_type<unsigned int, 3u>, int, int, int, HIP_vector_type<unsigned int, 3u>, int, int, int, HIP_vector_type<unsigned int, 3u>, int, int, int, int) [clone .kd]",150,18520188,123467,0.17525651977493648
"void mul_mat_vec_f<__half, __half, 1, 64, false, false>(__half const*, float const*, int const*, ggml_cuda_mm_fusion_args_device, float*, int, HIP_vector_type<unsigned int, 3u>, int, int, int, HIP_vector_type<unsigned int, 3u>, int, int, int, HIP_vector_type<unsigned int, 3u>, int, int, int, int) [clone .kd]",2940,17788464,6050,0.1683322163242482
"void cpy_scalar<&(void cpy_1_scalar<float, __half>(char const*, char*))>(char const*, char*, long, long, long, long, long, long, long, long, long, long, long, long, long, long, long) [clone .kd]",6236,16091829,2580,0.1522769610844877
"void rms_norm_f32<1024, true, false>(float const*, float*, int, long, long, long, float, float const*, long, long, long, HIP_vector_type<unsigned int, 3u>, HIP_vector_type<unsigned int, 3u>, HIP_vector_type<unsigned int, 3u>, HIP_vector_type<unsigned int, 3u>, float const*, long, long, long, HIP_vector_type<unsigned int, 3u>, HIP_vector_type<unsigned int, 3u>, HIP_vector_type<unsigned int, 3u>, HIP_vector_type<unsigned int, 3u>) [clone .kd]",6717,15444141,2299,0.1461478902143654
"void mul_mat_vec_f<__half, __half, 1, 32, false, false>(__half const*, float const*, int const*, ggml_cuda_mm_fusion_args_device, float*, int, HIP_vector_type<unsigned int, 3u>, int, int, int, HIP_vector_type<unsigned int, 3u>, int, int, int, HIP_vector_type<unsigned int, 3u>, int, int, int, int) [clone .kd]",1470,14527639,9882,0.1374750327419267
"void cpy_scalar<&(void cpy_1_scalar<float, float>(char const*, char*))>(char const*, char*, long, long, long, long, long, long, long, long, long, long, long, long, long, long, long) [clone .kd]",648,13779896,21265,0.13039914151090518
"Cijk_Alik_Bljk_HHS_BH_GB_MT64x16x16_SN_1LDSB0_APM1_ABV0_ACED0_AF0EM1_AF1EM1_AMAS0_ASE_ASGT_ASLT_ASM_ASAE01_ASCE01_ASEM1_AAC0_BL0_BS1_CLR0_DTLA0_DTLB0_DTVA0_DTVB0_DVO0_ETSP_EPS0_ELFLR0_EMLL0_FSSC10_FL0_GLVWA1_GLVWB1_GRCGA1_GRCGB1_GRPM1_GRVW1_GSU1_GSUASB_GLS0_ISA000_IU1_K1_KLS_LBSPPA0_LBSPPB0_LPA0_LPB0_LDL1_LRVW1_LWPMn1_LDW0_FMA_MIAV0_MDA2_MO40_MMFSC_MKFGSU256_NTA0_NTB0_NTC0_NTD0_NEPBS0_NLCA1_NLCB1_ONLL1_OPLV0_PK0_PAP0_PGR0_PLR1_PKA0_SIA1_SLW1_SS0_SU32_SUM0_SUS256_SCIUI1_SPO0_SRVW0_SSO0_SVW4_SNLL0_TSGRA0_TSGRB0_TT8_2_TLDS0_UMLDSA0_UMLDSB0_U64SL1_USFGRO0_VAW2_VS1_VW1_VWB1_VFLRP0_WSGRA0_WSGRB0_WS64_WG8_8_1_WGM8.kd",1498,12903780,8614,0.12210845671444749
"pad_f32(float const*, unsigned long, unsigned long, unsigned long, unsigned long, float*, int, int, int, int, int, int, int, int, int, int, int, int, bool) [clone .kd]",272,10197320,37490,0.09649722855034491
"void soft_max_f32<true, 0, 0, float>(float const*, float const*, float const*, float*, soft_max_params) [clone .kd]",3218,9351283,2905,0.08849118129959195
"void k_bin_bcast<&(op_mul(float, float)), float, float, float, float const*>(float const*, float const*, float*, int, int, int, HIP_vector_type<unsigned int, 3u>, HIP_vector_type<unsigned int, 3u>, HIP_vector_type<unsigned int, 3u>, HIP_vector_type<unsigned int, 3u>, HIP_vector_type<unsigned int, 3u>, int, int, int, int, int, int, int, int, int, int, int, float const*) [clone .kd]",3582,8967029,2503,0.08485498609738351
"void unary_op_kernel<&(op_silu(float)), float>(float const*, float*, int) [clone .kd]",3310,6401740,1934,0.06057965895940159
"scale_f32(float const*, float*, float, float, long) [clone .kd]",3246,5012463,1544,0.047432932153854884
"k_compute_batched_ptrs(void const*, void const*, char*, void const**, void**, long, long, long, unsigned long, unsigned long, unsigned long, unsigned long, unsigned long, unsigned long, long, long) [clone .kd]",1554,3472856,2234,0.032863632714716866
"void convert_unary<__half, float>(void const*, float*, long, long, long, HIP_vector_type<unsigned int, 3u>, long, long, long) [clone .kd]",1558,3448179,2213,0.0326301142893917
"Cijk_Alik_Bljk_HHS_BH_GB_MT32x128x16_SN_1LDSB0_APM1_ABV0_ACED0_AF0EM1_AF1EM1_AMAS0_ASE_ASGT_ASLT_ASM_ASAE01_ASCE01_ASEM1_AAC0_BL0_BS1_CLR0_DTLA0_DTLB0_DTVA0_DTVB0_DVO0_ETSP_EPS0_ELFLR0_EMLL0_FSSC10_FL0_GLVWA1_GLVWB1_GRCGA1_GRCGB1_GRPM1_GRVW1_GSU1_GSUASB_GLS0_ISA000_IU1_K1_KLS_LBSPPA0_LBSPPB0_LPA0_LPB0_LDL1_LRVW1_LWPMn1_LDW0_FMA_MIAV0_MDA2_MO40_MMFSC_MKFGSU256_NTA0_NTB0_NTC0_NTD0_NEPBS0_NLCA1_NLCB1_ONLL1_OPLV0_PK0_PAP0_PGR0_PLR1_PKA0_SIA1_SLW1_SS0_SU32_SUM0_SUS256_SCIUI1_SPO0_SRVW0_SSO0_SVW4_SNLL0_TSGRA0_TSGRB0_TT2_8_TLDS0_UMLDSA0_UMLDSB0_U64SL1_USFGRO0_VAW2_VS1_VW1_VWB1_VFLRP0_WSGRA0_WSGRB0_WS64_WG16_16_1_WGM8.kd",28,2965534,105911,0.028062845156552756
"void k_get_rows_float<__half, float>(__half const*, int const*, float*, long, long, long, unsigned long, unsigned long, unsigned long, unsigned long, unsigned long, unsigned long, unsigned long, unsigned long, unsigned long) [clone .kd]",740,2670530,3608,0.025271222611485428
"void mul_mat_vec_f<__half, __half, 3, 256, false, false>(__half const*, float const*, int const*, ggml_cuda_mm_fusion_args_device, float*, int, HIP_vector_type<unsigned int, 3u>, int, int, int, HIP_vector_type<unsigned int, 3u>, int, int, int, HIP_vector_type<unsigned int, 3u>, int, int, int, int) [clone .kd]",64,2473126,38642,0.023403188764871585
"void mul_mat_vec_f<float, float, 2, 32, false, false>(float const*, float const*, int const*, ggml_cuda_mm_fusion_args_device, float*, int, HIP_vector_type<unsigned int, 3u>, int, int, int, HIP_vector_type<unsigned int, 3u>, int, int, int, HIP_vector_type<unsigned int, 3u>, int, int, int, int) [clone .kd]",150,1725725,11504,0.01633053387949422
"void mul_mat_vec_f<__half, __half, 5, 256, false, false>(__half const*, float const*, int const*, ggml_cuda_mm_fusion_args_device, float*, int, HIP_vector_type<unsigned int, 3u>, int, int, int, HIP_vector_type<unsigned int, 3u>, int, int, int, HIP_vector_type<unsigned int, 3u>, int, int, int, int) [clone .kd]",32,1528128,47754,0.014460673674081177
"Cijk_Alik_Bljk_HHS_BH_MT32x128x16_SN_1LDSB0_APM1_ABV0_ACED0_AF0EM1_AF1EM1_AMAS0_ASE_ASGT_ASLT_ASM_ASAE01_ASCE01_ASEM1_AAC0_BL0_BS1_CLR0_DTLA0_DTLB0_DTVA0_DTVB0_DVO0_ETSP_EPS0_ELFLR0_EMLL0_FSSC10_FL0_GLVWA1_GLVWB1_GRCGA1_GRCGB1_GRPM1_GRVW1_GSU1_GSUASB_GLS0_ISA000_IU1_K1_KLS_LBSPPA0_LBSPPB0_LPA0_LPB0_LDL1_LRVW1_LWPMn1_LDW0_FMA_MIAV0_MDA2_MO40_MMFSC_MKFGSU256_NTA0_NTB0_NTC0_NTD0_NEPBS0_NLCA1_NLCB1_ONLL1_OPLV0_PK0_PAP0_PGR0_PLR1_PKA0_SIA1_SLW1_SS0_SU32_SUM0_SUS256_SCIUI1_SPO0_SRVW0_SSO0_SVW4_SNLL0_TSGRA0_TSGRB0_TT2_8_TLDS0_UMLDSA0_UMLDSB0_U64SL1_USFGRO0_VAW2_VS1_VW1_VWB1_VFLRP0_WSGRA0_WSGRB0_WS64_WG16_16_1_WGM8.kd",16,1026764,64172,0.009716266663718148
"Cijk_S_PostGSU3.kd",284,741201,2609,0.007013984291828069
"void cpy_scalar_transpose<float>(char const*, char*, long, long, long, long, long, long, long, long, long, long, long, long, long, long, long) [clone .kd]",112,536201,4787,0.005074069505117373
"Cijk_Alik_Bljk_HHS_BH_MT128x32x16_SN_1LDSB0_APM1_ABV0_ACED0_AF0EM1_AF1EM1_AMAS0_ASE_ASGT_ASLT_ASM_ASAE01_ASCE01_ASEM1_AAC0_BL0_BS1_CLR0_DTLA0_DTLB0_DTVA0_DTVB0_DVO0_ETSP_EPS0_ELFLR0_EMLL0_FSSC10_FL0_GLVWA1_GLVWB1_GRCGA1_GRCGB1_GRPM1_GRVW1_GSU1_GSUASB_GLS0_ISA000_IU1_K1_KLS_LBSPPA0_LBSPPB0_LPA0_LPB0_LDL1_LRVW1_LWPMn1_LDW0_FMA_MIAV0_MDA2_MO40_MMFSC_MKFGSU256_NTA0_NTB0_NTC0_NTD0_NEPBS0_NLCA1_NLCB1_ONLL1_OPLV0_PK0_PAP0_PGR0_PLR1_PKA0_SIA1_SLW1_SS0_SU32_SUM0_SUS256_SCIUI1_SPO0_SRVW0_SSO0_SVW4_SNLL0_TSGRA0_TSGRB0_TT8_2_TLDS0_UMLDSA0_UMLDSB0_U64SL1_USFGRO0_VAW2_VS1_VW1_VWB1_VFLRP0_WSGRA0_WSGRB0_WS64_WG16_16_1_WGM8.kd",16,528725,33045,0.00500332412489567
"diag_mask_inf_f32(float const*, float*, int, int, int) [clone .kd]",278,437920,1575,0.004144036504372428
"void mul_mat_vec_f<float, float, 2, 64, false, false>(float const*, float const*, int const*, ggml_cuda_mm_fusion_args_device, float*, int, HIP_vector_type<unsigned int, 3u>, int, int, int, HIP_vector_type<unsigned int, 3u>, int, int, int, HIP_vector_type<unsigned int, 3u>, int, int, int, int) [clone .kd]",150,435042,2900,0.004116801993366801
"void unary_op_kernel<&(op_gelu(float)), float>(float const*, float*, int) [clone .kd]",32,195801,6118,0.0018528646592816625
"void norm_f32<1024>(float const*, float*, int, long, long, long, float) [clone .kd]",32,193001,6031,0.0018263682621948824
"void k_bin_bcast<&(op_repeat(float, float)), float, float, float>(float const*, float const*, float*, int, int, int, HIP_vector_type<unsigned int, 3u>, HIP_vector_type<unsigned int, 3u>, HIP_vector_type<unsigned int, 3u>, HIP_vector_type<unsigned int, 3u>, HIP_vector_type<unsigned int, 3u>, int, int, int, int, int, int, int, int, int, int, int) [clone .kd]",32,186360,5823,0.0017635244861044154
"Cijk_S_PostGSU3_VW2.kd",36,136761,3798,0.0012941692007089824
"void rms_norm_f32<256, false, false>(float const*, float*, int, long, long, long, float, float const*, long, long, long, HIP_vector_type<unsigned int, 3u>, HIP_vector_type<unsigned int, 3u>, HIP_vector_type<unsigned int, 3u>, HIP_vector_type<unsigned int, 3u>, float const*, long, long, long, HIP_vector_type<unsigned int, 3u>, HIP_vector_type<unsigned int, 3u>, HIP_vector_type<unsigned int, 3u>, HIP_vector_type<unsigned int, 3u>) [clone .kd]",16,61160,3822,0.0005787570163669567
"void soft_max_f32<true, 32, 32, float>(float const*, float const*, float const*, float*, soft_max_params) [clone .kd]",28,58880,2102,0.0005571813787391499
"void unary_op_kernel<&(op_tanh(float)), float>(float const*, float*, int) [clone .kd]",16,37160,2322,0.0003516450413374119
